eval_surr_np_max,eval_surr_np_min,eval_surr_pc_max,eval_surr_pc_min,eval_surr_pr_max,eval_surr_pr_min,stat_type
308.73065942993,299.25709822743,308.73043626971,299.2572258351,309.43592802569,299.93980165603,3
298.21650032844,288.94580954601,308.73043626971,299.2572258351,300.61799920491,291.11304660346,3.05
319.20901282328,309.5682780843,308.73043626971,299.2572258351,318.09002775358,308.58163591171,3.95
19.151521308181,18.166618969537,5.9918224530376e-14,5.9918224530376e-14,17.77902408343,17.701920419802,4
15.171796837999,14.518969929285,5.9918224530376e-14,5.9918224530376e-14,12.348045571108,11.993098446652,4.05
19.399513410987,18.186740334217,5.9918224530376e-14,5.9918224530376e-14,20.452378758986,20.645162891948,4.95
