results:time_max,results:time_min
313.64132476679,304.54090373858
334.5175005213,323.90898742192
292.7023996007,284.55981664608
